-- phpMyAdmin SQL Dump
-- version 3.3.7
-- http://www.phpmyadmin.net
--
-- Host: localhost
-- Generation Time: Oct 01, 2010 at 04:26 PM
-- Server version: 5.1.41
-- PHP Version: 5.3.2-1ubuntu4.2

SET SQL_MODE="NO_AUTO_VALUE_ON_ZERO";


/*!40101 SET @OLD_CHARACTER_SET_CLIENT=@@CHARACTER_SET_CLIENT */;
/*!40101 SET @OLD_CHARACTER_SET_RESULTS=@@CHARACTER_SET_RESULTS */;
/*!40101 SET @OLD_COLLATION_CONNECTION=@@COLLATION_CONNECTION */;
/*!40101 SET NAMES utf8 */;

--
-- Database: `scallyhatter`
--
CREATE DATABASE `scallyhatter` DEFAULT CHARACTER SET latin1 COLLATE latin1_swedish_ci;
USE `scallyhatter`;

-- --------------------------------------------------------

--
-- Table structure for table `ipn`
--

CREATE TABLE IF NOT EXISTS `ipn` (
  `id` int(11) NOT NULL AUTO_INCREMENT,
  `date` timestamp NOT NULL DEFAULT CURRENT_TIMESTAMP ON UPDATE CURRENT_TIMESTAMP,
  `player_scallyhatter_id` int(11) NOT NULL,
  `content` text NOT NULL,
  PRIMARY KEY (`id`)
) ENGINE=InnoDB  DEFAULT CHARSET=latin1 AUTO_INCREMENT=30 ;

--
-- Dumping data for table `ipn`
--

INSERT INTO `ipn` (`id`, `date`, `player_scallyhatter_id`, `content`) VALUES
(1, '0000-00-00 00:00:00', 0, ''),
(2, '0000-00-00 00:00:00', 0, ''),
(3, '0000-00-00 00:00:00', 0, ''),
(4, '0000-00-00 00:00:00', 0, ''),
(5, '0000-00-00 00:00:00', 0, 'mc_gross=25.00&invoice=12&protection_eligibility=Ineligible&payer_id=NDHFPYFENR8ZQ&tax=0.00&payment_date=17:45:30 Sep 24, 2010 PDT&payment_status=Completed&charset=windows-1252&first_name=Test&mc_fee=1.03&notify_version=3.0&custom=&payer_status=unverified&business=seller_1285370967_biz@bythepixel.com&quantity=1&verify_sign=AANVvdss5-wsWB3pVF2IpGq6K2hoAMIK3IwUrrqVDcD4jeC7NfBU5Nmb&payer_email=buyer_1285370994_per@bythepixel.com&txn_id=42E55763XA2947313&payment_type=instant&last_name=User&receiver_email=seller_1285370967_biz@bythepixel.com&payment_fee=1.03&receiver_id=DGT2CSE3EY3BE&txn_type=web_accept&item_name=Scally Hatter 2010 - Signup Fee&mc_currency=USD&item_number=&residence_country=US&test_ipn=1&handling_amount=0.00&transaction_subject=Scally Hatter 2010 - Signup Fee&payment_gross=25.00&shipping=0.00&'),
(6, '2010-09-26 13:48:03', 14, 'invoice=14&'),
(7, '2010-09-26 13:54:53', 15, 'mc_gross=25.00&invoice=15&protection_eligibility=Ineligible&payer_id=NDHFPYFENR8ZQ&tax=0.00&payment_date=10:55:03 Sep 26, 2010 PDT&payment_status=Completed&charset=windows-1252&first_name=Test&mc_fee=1.03&notify_version=3.0&custom=&payer_status=unverified&business=seller_1285370967_biz@bythepixel.com&quantity=1&verify_sign=A4Tocjf7wPR1JUojrrTj3oLR5s8BA6QgcE7Gp5v.AH4kLMLl2oPLKm4X&payer_email=buyer_1285370994_per@bythepixel.com&txn_id=4CJ84204F3570114N&payment_type=instant&last_name=User&receiver_email=seller_1285370967_biz@bythepixel.com&payment_fee=1.03&receiver_id=DGT2CSE3EY3BE&txn_type=web_accept&item_name=Scally Hatter 2010 - Signup Fee&mc_currency=USD&item_number=&residence_country=US&test_ipn=1&handling_amount=0.00&transaction_subject=Scally Hatter 2010 - Signup Fee&payment_gross=25.00&shipping=0.00&'),
(8, '2010-09-26 13:58:12', 16, 'mc_gross=25.00&invoice=16&protection_eligibility=Ineligible&payer_id=NDHFPYFENR8ZQ&tax=0.00&payment_date=10:58:28 Sep 26, 2010 PDT&payment_status=Completed&charset=windows-1252&first_name=Test&mc_fee=1.03&notify_version=3.0&custom=&payer_status=unverified&business=seller_1285370967_biz@bythepixel.com&quantity=1&verify_sign=Aw2rBkBEaF9Jm2gw4adz0JucoTW3AaZ7v4MHRBI-BGmu3rGA30ifmFrj&payer_email=buyer_1285370994_per@bythepixel.com&txn_id=3K457697GC192110T&payment_type=instant&last_name=User&receiver_email=seller_1285370967_biz@bythepixel.com&payment_fee=1.03&receiver_id=DGT2CSE3EY3BE&txn_type=web_accept&item_name=Scally Hatter 2010 - Signup Fee&mc_currency=USD&item_number=&residence_country=US&test_ipn=1&handling_amount=0.00&transaction_subject=Scally Hatter 2010 - Signup Fee&payment_gross=25.00&shipping=0.00&'),
(9, '2010-09-26 14:45:53', 5, 'mc_gross=25.00&invoice=5&protection_eligibility=Ineligible&payer_id=NDHFPYFENR8ZQ&tax=0.00&payment_date=10:39:30 Sep 26, 2010 PDT&payment_status=Completed&charset=windows-1252&first_name=Test&mc_fee=1.03&notify_version=3.0&custom=&payer_status=unverified&business=seller_1285370967_biz@bythepixel.com&quantity=1&verify_sign=ABQPt6NEZAQW32UPyfMCAWS2ruoPATJhNptVbGboc1yRxTq907xgTriR&payer_email=buyer_1285370994_per@bythepixel.com&txn_id=0KD45916RJ639303E&payment_type=instant&last_name=User&receiver_email=seller_1285370967_biz@bythepixel.com&payment_fee=1.03&receiver_id=DGT2CSE3EY3BE&txn_type=web_accept&item_name=Scally Hatter 2010 - Signup Fee&mc_currency=USD&item_number=&residence_country=US&test_ipn=1&handling_amount=0.00&transaction_subject=Scally Hatter 2010 - Signup Fee&payment_gross=25.00&shipping=0.00&'),
(10, '2010-09-26 16:43:30', 23, 'mc_gross=25.00&invoice=23&protection_eligibility=Ineligible&payer_id=NDHFPYFENR8ZQ&tax=0.00&payment_date=13:43:47 Sep 26, 2010 PDT&payment_status=Completed&charset=windows-1252&first_name=Test&mc_fee=1.03&notify_version=3.0&custom=&payer_status=unverified&business=seller_1285370967_biz@bythepixel.com&quantity=1&verify_sign=An5ns1Kso7MWUdW4ErQKJJJ4qi4-AJ2m61cgAutBpaTE4QeGM7cm.-AU&payer_email=buyer_1285370994_per@bythepixel.com&txn_id=2MK80355WM864762P&payment_type=instant&last_name=User&receiver_email=seller_1285370967_biz@bythepixel.com&payment_fee=1.03&receiver_id=DGT2CSE3EY3BE&txn_type=web_accept&item_name=Scally Hatter 2010 - Signup Fee&mc_currency=USD&item_number=&residence_country=US&test_ipn=1&handling_amount=0.00&transaction_subject=Scally Hatter 2010 - Signup Fee&payment_gross=25.00&shipping=0.00&'),
(11, '2010-09-26 16:48:07', 24, 'mc_gross=25.00&invoice=24&protection_eligibility=Ineligible&payer_id=NDHFPYFENR8ZQ&tax=0.00&payment_date=13:48:15 Sep 26, 2010 PDT&payment_status=Completed&charset=windows-1252&first_name=Test&mc_fee=1.03&notify_version=3.0&custom=&payer_status=unverified&business=seller_1285370967_biz@bythepixel.com&quantity=1&verify_sign=AsOdY2u8OoMUargbefGE9-hAUy1kADrk7t7wJ1HlZNki.sNyLK7bVOGL&payer_email=buyer_1285370994_per@bythepixel.com&txn_id=21641117H8057580C&payment_type=instant&last_name=User&receiver_email=seller_1285370967_biz@bythepixel.com&payment_fee=1.03&receiver_id=DGT2CSE3EY3BE&txn_type=web_accept&item_name=Scally Hatter 2010 - Signup Fee&mc_currency=USD&item_number=&residence_country=US&test_ipn=1&handling_amount=0.00&transaction_subject=Scally Hatter 2010 - Signup Fee&payment_gross=25.00&shipping=0.00&'),
(12, '2010-09-26 19:28:05', 26, 'mc_gross=25.00&invoice=26&protection_eligibility=Ineligible&payer_id=NDHFPYFENR8ZQ&tax=0.00&payment_date=16:28:23 Sep 26, 2010 PDT&payment_status=Completed&charset=windows-1252&first_name=Test&mc_fee=1.03&notify_version=3.0&custom=&payer_status=unverified&business=seller_1285370967_biz@bythepixel.com&quantity=1&verify_sign=ACUe-E7Hjxmeel8FjYAtjnx-yjHAA18jFLOame8PYlekid5ETOo0k2xD&payer_email=buyer_1285370994_per@bythepixel.com&txn_id=3TF192309P6232318&payment_type=instant&last_name=User&receiver_email=seller_1285370967_biz@bythepixel.com&payment_fee=1.03&receiver_id=DGT2CSE3EY3BE&txn_type=web_accept&item_name=Scally Hatter 2010 - Signup Fee&mc_currency=USD&item_number=&residence_country=US&test_ipn=1&handling_amount=0.00&transaction_subject=Scally Hatter 2010 - Signup Fee&payment_gross=25.00&shipping=0.00&'),
(13, '2010-09-29 20:46:24', 189, 'mc_gross=25.00&invoice=189&protection_eligibility=Ineligible&payer_id=NDHFPYFENR8ZQ&tax=0.00&payment_date=17:46:38 Sep 29, 2010 PDT&payment_status=Completed&charset=windows-1252&first_name=Test&mc_fee=1.03&notify_version=3.0&custom=&payer_status=unverified&business=seller_1285370967_biz@bythepixel.com&quantity=1&verify_sign=AQt6L6c9oTd6hLACxn.SCRgLb.aKA63NMr5S56Xldiuo5JZhXNvKkEaz&payer_email=buyer_1285370994_per@bythepixel.com&txn_id=7JY73159M6022453J&payment_type=instant&last_name=User&receiver_email=seller_1285370967_biz@bythepixel.com&payment_fee=1.03&receiver_id=DGT2CSE3EY3BE&txn_type=web_accept&item_name=Scally Hatter 2010 - Signup Fee&mc_currency=USD&item_number=&residence_country=US&test_ipn=1&handling_amount=0.00&transaction_subject=Scally Hatter 2010 - Signup Fee&payment_gross=25.00&shipping=0.00&'),
(14, '2010-09-29 21:22:00', 190, 'mc_gross=25.00&invoice=190&protection_eligibility=Ineligible&payer_id=NDHFPYFENR8ZQ&tax=0.00&payment_date=18:22:10 Sep 29, 2010 PDT&payment_status=Completed&charset=windows-1252&first_name=Test&mc_fee=1.03&notify_version=3.0&custom=&payer_status=unverified&business=seller_1285370967_biz@bythepixel.com&quantity=1&verify_sign=ApJJINDYGTMvLIkbFK1hLnJxqUIpAfVjTJBLtaeKNPkORgu0r-XMuizn&payer_email=buyer_1285370994_per@bythepixel.com&txn_id=14B34005TJ776271H&payment_type=instant&last_name=User&receiver_email=seller_1285370967_biz@bythepixel.com&payment_fee=1.03&receiver_id=DGT2CSE3EY3BE&txn_type=web_accept&item_name=Scally Hatter 2010 - Signup Fee - IE8 Test  - Invoice #2&mc_currency=USD&item_number=&residence_country=US&test_ipn=1&handling_amount=0.00&transaction_subject=Scally Hatter 2010 - Signup Fee - IE8 Test  - Invoice #2&payment_gross=25.00&shipping=0.00&'),
(15, '2010-09-29 21:27:59', 191, 'mc_gross=25.00&invoice=191&protection_eligibility=Ineligible&payer_id=NDHFPYFENR8ZQ&tax=0.00&payment_date=18:28:08 Sep 29, 2010 PDT&payment_status=Completed&charset=windows-1252&first_name=Test&mc_fee=1.03&notify_version=3.0&custom=&payer_status=unverified&business=seller_1285370967_biz@bythepixel.com&quantity=1&verify_sign=AD33Ely0gUHSEbjKZ606lFv21qlIA1ef60.1UveeeHpORLxcASFg4hym&payer_email=buyer_1285370994_per@bythepixel.com&txn_id=5CU97638K7640443K&payment_type=instant&last_name=User&receiver_email=seller_1285370967_biz@bythepixel.com&payment_fee=1.03&receiver_id=DGT2CSE3EY3BE&txn_type=web_accept&item_name=Scally Hatter 2010 - Signup Fee - IE7 Test  - Invoice #2&mc_currency=USD&item_number=&residence_country=US&test_ipn=1&handling_amount=0.00&transaction_subject=Scally Hatter 2010 - Signup Fee - IE7 Test  - Invoice #2&payment_gross=25.00&shipping=0.00&'),
(16, '2010-09-30 04:36:02', 197, 'mc_gross=25.00&invoice=197&protection_eligibility=Ineligible&payer_id=NDHFPYFENR8ZQ&tax=0.00&payment_date=21:35:57 Sep 29, 2010 PDT&payment_status=Completed&charset=windows-1252&first_name=Test&mc_fee=1.03&notify_version=3.0&custom=&payer_status=unverified&business=seller_1285370967_biz@bythepixel.com&quantity=1&verify_sign=AR5PM2tRL1ACMKUC82iAhHeq-G.mA.CgoDE4su0mr0bWdhnQ.74juMwa&payer_email=buyer_1285370994_per@bythepixel.com&txn_id=59M86950HK5531203&payment_type=instant&last_name=User&receiver_email=seller_1285370967_biz@bythepixel.com&payment_fee=1.03&receiver_id=DGT2CSE3EY3BE&txn_type=web_accept&item_name=Scally Hatter 2010 - Signup Fee - test user - Invoice #2&mc_currency=USD&item_number=&residence_country=US&test_ipn=1&handling_amount=0.00&transaction_subject=Scally Hatter 2010 - Signup Fee - test user - Invoice #2&payment_gross=25.00&shipping=0.00&'),
(17, '2010-09-30 14:39:59', 211, 'mc_gross=25.00&invoice=211&protection_eligibility=Ineligible&payer_id=7NMJTR39H3JU2&tax=0.00&payment_date=07:39:54 Sep 30, 2010 PDT&payment_status=Completed&charset=windows-1252&first_name=Jack&mc_fee=1.03&notify_version=3.0&custom=&payer_status=verified&business=usfwenches@gmail.com&quantity=1&verify_sign=An5ns1Kso7MWUdW4ErQKJJJ4qi4-AUG7MJDx-0Yx5YpDzpYBbQqXWCqr&payer_email=jdupe98@aol.com&txn_id=3P906306K7892050C&payment_type=instant&last_name=R Dupell&receiver_email=usfwenches@gmail.com&payment_fee=1.03&receiver_id=5ZZGTNAGNUKDA&txn_type=web_accept&item_name=Scally Hatter 2010 - Signup Fee - Jack Dupell - Invoice #211&mc_currency=USD&item_number=&residence_country=US&handling_amount=0.00&transaction_subject=Scally Hatter 2010 - Signup Fee - Jack Dupell - Invoice #211&payment_gross=25.00&shipping=0.00&'),
(18, '2010-09-30 15:06:33', 215, 'mc_gross=25.00&invoice=215&protection_eligibility=Ineligible&payer_id=JEDPXMAA8L7A4&tax=0.00&payment_date=08:06:25 Sep 30, 2010 PDT&payment_status=Completed&charset=windows-1252&first_name=bobby&mc_fee=1.03&notify_version=3.0&custom=&payer_status=verified&business=usfwenches@gmail.com&quantity=1&verify_sign=AQU0e5vuZCvSg-XJploSa.sGUDlpAK7Jk1.K33dgBXoOCv8MoxDHbF4p&payer_email=rrobert3@mail.usf.edu&txn_id=19H7995226245032W&payment_type=instant&last_name=riegel&receiver_email=usfwenches@gmail.com&payment_fee=1.03&receiver_id=5ZZGTNAGNUKDA&txn_type=web_accept&item_name=Scally Hatter 2010 - Signup Fee - Kegstand riegel - Invoice #215&mc_currency=USD&item_number=&residence_country=US&handling_amount=0.00&transaction_subject=Scally Hatter 2010 - Signup Fee - Kegstand riegel - Invoice #215&payment_gross=25.00&shipping=0.00&'),
(19, '2010-09-30 15:24:10', 216, 'mc_gross=25.00&invoice=216&protection_eligibility=Ineligible&payer_id=6MKUX8Q5AQ3GW&tax=0.00&payment_date=08:24:04 Sep 30, 2010 PDT&payment_status=Completed&charset=windows-1252&first_name=Alan B&mc_fee=1.03&notify_version=3.0&custom=&payer_status=unverified&business=usfwenches@gmail.com&quantity=1&verify_sign=A--8MSCLabuvN8L.-MHjxC9uypBtAmeANjUBMOTf8W9UHLfeg1OkXAyw&payer_email=abrown@fit.edu&txn_id=7P7023961V305574L&payment_type=instant&last_name=Brown&receiver_email=usfwenches@gmail.com&payment_fee=1.03&receiver_id=5ZZGTNAGNUKDA&txn_type=web_accept&item_name=Scally Hatter 2010 - Signup Fee - Al&mc_currency=USD&item_number=&residence_country=US&handling_amount=0.00&transaction_subject=Scally Hatter 2010 - Signup Fee - Al&payment_gross=25.00&shipping=0.00&'),
(20, '2010-09-30 16:58:11', 205, 'mc_gross=25.00&invoice=205&protection_eligibility=Ineligible&payer_id=VGL6SCD7J5MJC&tax=0.00&payment_date=09:57:58 Sep 30, 2010 PDT&payment_status=Completed&charset=windows-1252&first_name=Susan&mc_fee=1.03&notify_version=3.0&custom=&payer_status=unverified&business=usfwenches@gmail.com&quantity=1&verify_sign=A21kmBLyRcQpDSjYvmswlm3ckjahAl.1z6GQgldH2daGgzy21cElE.01&payer_email=susan@literacycoaching.com&txn_id=55193818GR131035A&payment_type=instant&last_name=Nations&receiver_email=usfwenches@gmail.com&payment_fee=1.03&receiver_id=5ZZGTNAGNUKDA&txn_type=web_accept&item_name=Scally Hatter 2010 - Signup Fee - Matt Nations - Invoice #205&mc_currency=USD&item_number=&residence_country=US&handling_amount=0.00&transaction_subject=Scally Hatter 2010 - Signup Fee - Matt Nations - Invoice #205&payment_gross=25.00&shipping=0.00&'),
(21, '2010-09-30 18:12:15', 235, 'mc_gross=25.00&invoice=235&protection_eligibility=Ineligible&payer_id=HFGTD8FY9U2JJ&tax=0.00&payment_date=11:12:08 Sep 30, 2010 PDT&payment_status=Completed&charset=windows-1252&first_name=Hanif&mc_fee=1.03&notify_version=3.0&custom=&payer_status=verified&business=usfwenches@gmail.com&quantity=1&verify_sign=ACUe-E7Hjxmeel8FjYAtjnx-yjHAAC41Y7oSi1mfx87Un3QKm.1S-HbH&payer_email=HCarrol2@mail.usf.edu&txn_id=08U70577C2325262C&payment_type=instant&last_name=Carroll&receiver_email=usfwenches@gmail.com&payment_fee=1.03&receiver_id=5ZZGTNAGNUKDA&txn_type=web_accept&item_name=Scally Hatter 2010 - Signup Fee - Hanif Carroll - Invoice #235&mc_currency=USD&item_number=&residence_country=US&handling_amount=0.00&transaction_subject=Scally Hatter 2010 - Signup Fee - Hanif Carroll - Invoice #235&payment_gross=25.00&shipping=0.00&'),
(22, '2010-09-30 18:44:55', 239, 'mc_gross=25.00&invoice=239&protection_eligibility=Ineligible&payer_id=5SVVRCB23X554&tax=0.00&payment_date=11:44:48 Sep 30, 2010 PDT&payment_status=Completed&charset=windows-1252&first_name=David&mc_fee=1.03&notify_version=3.0&custom=&payer_status=verified&business=usfwenches@gmail.com&quantity=1&verify_sign=AFcWxV21C7fd0v3bYYYRCpSSRl31AQHacrkIGVurGpI5Do8ygxnMy1JV&payer_email=dsalomon@mail.usf.edu&txn_id=3MG73632PK1606414&payment_type=instant&last_name=Salomonson Fain&receiver_email=usfwenches@gmail.com&payment_fee=1.03&receiver_id=5ZZGTNAGNUKDA&txn_type=web_accept&item_name=Scally Hatter 2010 - Signup Fee - Dave Fain - Invoice #239&mc_currency=USD&item_number=&residence_country=US&handling_amount=0.00&transaction_subject=Scally Hatter 2010 - Signup Fee - Dave Fain - Invoice #239&payment_gross=25.00&shipping=0.00&'),
(23, '2010-09-30 19:26:03', 245, 'mc_gross=25.00&invoice=245&protection_eligibility=Ineligible&payer_id=NM7QME3A9X62S&tax=0.00&payment_date=12:25:59 Sep 30, 2010 PDT&payment_status=Completed&charset=windows-1252&first_name=Ron&mc_fee=1.03&notify_version=3.0&custom=&payer_status=verified&business=usfwenches@gmail.com&quantity=1&verify_sign=A7HJF8RSStXOqP9cU9tXztOpHA5-Atv7M4MKsLmL-t-0jZXsprir10EG&payer_email=rhensjr@gmail.com&txn_id=9TF81160HJ6654132&payment_type=instant&last_name=Hensler&receiver_email=usfwenches@gmail.com&payment_fee=1.03&receiver_id=5ZZGTNAGNUKDA&txn_type=web_accept&item_name=Scally Hatter 2010 - Signup Fee - Ronald Hensler - Invoice #245&mc_currency=USD&item_number=&residence_country=US&handling_amount=0.00&transaction_subject=Scally Hatter 2010 - Signup Fee - Ronald Hensler - Invoice #245&payment_gross=25.00&shipping=0.00&'),
(24, '2010-09-30 21:15:59', 248, 'mc_gross=25.00&invoice=248&protection_eligibility=Ineligible&payer_id=32TGFQRPJNFPN&tax=0.00&payment_date=14:15:55 Sep 30, 2010 PDT&payment_status=Completed&charset=windows-1252&first_name=Sydnor&mc_fee=1.03&notify_version=3.0&custom=&payer_status=verified&business=usfwenches@gmail.com&quantity=1&verify_sign=An5ns1Kso7MWUdW4ErQKJJJ4qi4-Ax8dTi3r7jz-My95yvChNy3SR.jq&payer_email=shortsyd@hotmail.com&txn_id=5LR70084GR771454H&payment_type=instant&last_name=Richkind&receiver_email=usfwenches@gmail.com&payment_fee=1.03&receiver_id=5ZZGTNAGNUKDA&txn_type=web_accept&item_name=Scally Hatter 2010 - Signup Fee - Sydnor Richkind - Invoice #248&mc_currency=USD&item_number=&residence_country=US&handling_amount=0.00&transaction_subject=Scally Hatter 2010 - Signup Fee - Sydnor Richkind - Invoice #248&payment_gross=25.00&shipping=0.00&'),
(25, '2010-09-30 21:46:31', 256, 'mc_gross=25.00&invoice=256&protection_eligibility=Ineligible&payer_id=7ZCAHPET6CFCG&tax=0.00&payment_date=14:46:22 Sep 30, 2010 PDT&payment_status=Completed&charset=windows-1252&first_name=Jordan&mc_fee=1.03&notify_version=3.0&custom=&payer_status=unverified&business=usfwenches@gmail.com&quantity=1&verify_sign=A.Z8eZtkeoUE6lLJUn1wyGyVjD7rASZaP5QJ92tmYevrRP5SecYc5dBY&payer_email=jwp1121@ufl.edu&txn_id=411830593V0507943&payment_type=instant&last_name=Pritchard&receiver_email=usfwenches@gmail.com&payment_fee=1.03&receiver_id=5ZZGTNAGNUKDA&txn_type=web_accept&item_name=Scally Hatter 2010 - Signup Fee - Jordan Pritchard - Invoice #256&mc_currency=USD&item_number=&residence_country=US&handling_amount=0.00&transaction_subject=Scally Hatter 2010 - Signup Fee - Jordan Pritchard - Invoice #256&payment_gross=25.00&shipping=0.00&'),
(26, '2010-09-30 21:55:02', 258, 'mc_gross=25.00&invoice=258&protection_eligibility=Ineligible&payer_id=4YP8DTWK9D6K4&tax=0.00&payment_date=14:54:54 Sep 30, 2010 PDT&payment_status=Completed&charset=windows-1252&first_name=Lynn&mc_fee=1.03&notify_version=3.0&custom=&payer_status=unverified&business=usfwenches@gmail.com&quantity=1&verify_sign=AGu.hbwMxRXoqDiyy-IJNOnULnvNA7XTTRBLZP0pN2dP6G.xfaD-iJbH&payer_email=ohbie@aol.com&txn_id=76C6147739988914C&payment_type=instant&last_name=Reedy&receiver_email=usfwenches@gmail.com&payment_fee=1.03&receiver_id=5ZZGTNAGNUKDA&txn_type=web_accept&item_name=Scally Hatter 2010 - Signup Fee - Kyle Reedy - Invoice #258&mc_currency=USD&item_number=&residence_country=US&receipt_id=3475-6880-6585-4780&handling_amount=0.00&transaction_subject=Scally Hatter 2010 - Signup Fee - Kyle Reedy - Invoice #258&payment_gross=25.00&shipping=0.00&'),
(27, '2010-10-01 00:03:27', 269, 'mc_gross=25.00&invoice=269&protection_eligibility=Ineligible&payer_id=RG66PGADNCRDU&tax=0.00&payment_date=17:03:21 Sep 30, 2010 PDT&payment_status=Completed&charset=windows-1252&first_name=Neal&mc_fee=1.03&notify_version=3.0&custom=&payer_status=unverified&business=usfwenches@gmail.com&quantity=1&verify_sign=A9LC3Qajo-H2V8mPq4eIktgPvG2RA9tLSS8OuYbhchYOnkgArsrKiRVf&payer_email=neal.gibeault@gmail.com&txn_id=69U66972WY031861G&payment_type=instant&last_name=Gibeault&receiver_email=usfwenches@gmail.com&payment_fee=1.03&receiver_id=5ZZGTNAGNUKDA&txn_type=web_accept&item_name=Scally Hatter 2010 - Signup Fee - Neal Gibeault - Invoice #269&mc_currency=USD&item_number=&residence_country=US&receipt_id=0773-7004-6646-1738&handling_amount=0.00&transaction_subject=Scally Hatter 2010 - Signup Fee - Neal Gibeault - Invoice #269&payment_gross=25.00&shipping=0.00&'),
(28, '2010-10-01 01:06:52', 277, 'mc_gross=25.00&invoice=277&protection_eligibility=Ineligible&payer_id=N8QKHK5YXKKUA&tax=0.00&payment_date=18:06:45 Sep 30, 2010 PDT&payment_status=Completed&charset=windows-1252&first_name=Wilson&mc_fee=1.03&notify_version=3.0&custom=&payer_status=unverified&business=usfwenches@gmail.com&quantity=1&verify_sign=AX8ieAkKpYYejWHnkQpJQhiSXfgJAnKZEBevyc69E9tTd68lAs9jlZKa&payer_email=deboisew@gmail.com&txn_id=31V65545CA718023U&payment_type=instant&last_name=Deboise&receiver_email=usfwenches@gmail.com&payment_fee=1.03&receiver_id=5ZZGTNAGNUKDA&txn_type=web_accept&item_name=Scally Hatter 2010 - Signup Fee - Wilson Deboise - Invoice #277&mc_currency=USD&item_number=&residence_country=US&handling_amount=0.00&transaction_subject=Scally Hatter 2010 - Signup Fee - Wilson Deboise - Invoice #277&payment_gross=25.00&shipping=0.00&'),
(29, '2010-10-01 06:19:27', 292, 'mc_gross=25.00&invoice=292&protection_eligibility=Ineligible&payer_id=3HRNEYARLGQEE&tax=0.00&payment_date=23:17:37 Sep 30, 2010 PDT&payment_status=Completed&charset=windows-1252&first_name=Anthony&mc_fee=1.03&notify_version=3.0&custom=&payer_status=verified&business=usfwenches@gmail.com&quantity=1&verify_sign=AnNMT7nRteKS2auTkxdsRz9rRvvPAeG0.f7jZy9cvjy9huFVhw8KNXtt&payer_email=Toynbert@gmail.com&txn_id=2K723674J4329371J&payment_type=instant&last_name=Brown&receiver_email=usfwenches@gmail.com&payment_fee=1.03&receiver_id=5ZZGTNAGNUKDA&txn_type=web_accept&item_name=Scally Hatter 2010 - Signup Fee - Tony Brown - Invoice #292&mc_currency=USD&item_number=&residence_country=US&handling_amount=0.00&transaction_subject=Scally Hatter 2010 - Signup Fee - Tony Brown - Invoice #292&payment_gross=25.00&shipping=0.00&');

-- --------------------------------------------------------

--
-- Table structure for table `player`
--

CREATE TABLE IF NOT EXISTS `player` (
  `id` int(11) NOT NULL AUTO_INCREMENT,
  `first_name` varchar(50) NOT NULL,
  `last_name` varchar(50) NOT NULL,
  `gender` varchar(20) NOT NULL DEFAULT 'n/a',
  `phone` varchar(20) NOT NULL,
  `email` varchar(50) NOT NULL,
  `skill` int(11) NOT NULL,
  `shirt_size` varchar(2) NOT NULL,
  `request` text NOT NULL,
  PRIMARY KEY (`id`)
) ENGINE=InnoDB  DEFAULT CHARSET=latin1 AUTO_INCREMENT=10265 ;

--
-- Dumping data for table `player`
--

INSERT INTO `player` (`id`, `first_name`, `last_name`, `gender`, `phone`, `email`, `skill`, `shirt_size`, `request`) VALUES
(6, 'Roeland', 'Reyniers', 'm', '12903478', 'laskdjf', 1, 's', 'asljkf'),
(25, 'asd', 'fasdf', 'm', '', '', 1, 's', ''),
(10000, 'Roeland', 'Reyniers', 'm', '813 468 0703', 'roeland.reyniers@gmail.com', 4, 'm', ''),
(10001, 'Daniel', 'Marquez', 'n/a', '7274800201', 'danmarq@gmail.com', 3, 'm', ''),
(10002, 'Mike', 'Farrell', 'n/a', '6465058269', 'sugacandy2@hotmail.com', 3, 'l', ''),
(10003, 'Brooke', 'Abney', 'n/a', '8133945942', 'bkrabill@mail.usf.edu', 3, 's', ''),
(10004, 'Patricia', 'Igar', 'n/a', '727-776-687', 'patriciaigar@gmail.com', 3, 's', ''),
(10005, 'Stacey', 'Herdegen', 'n/a', '941-323-7007', 'stacey.herdegen@yahoo.com', 3, 's', ''),
(10006, 'ryan', 'kalpakian', 'n/a', '954-805-4287', 'rkalpaki@mail.usf.edu', 3, 'm', ''),
(10007, 'Patricia', 'Stevenson', 'n/a', '(813) 956-4029', 'plsteve2@mail.usf.edu', 3, 's', ''),
(10008, 'Patricia (T-Money)', 'Brooks', 'n/a', '(954) 326-9423', 'pbroo001@gmail.com', 4, 's', ''),
(10009, 'Glenn', 'Goodwin', 'n/a', '(817) 726-8597', 'glenn.david.goodwin@gmail.com', 3, 'l', ''),
(10010, 'Michel', 'Avey', 'n/a', '2392811514', 'michelavey@mail.usf.edu', 3, 'l', ''),
(10011, 'Chris', 'Ozi', 'n/a', '999-999-9999', 'mccchris2@yahoo.com', 3, 'm', ''),
(10012, 'Sydnor', 'Richkind', 'n/a', '(813) 610-7373', 'srichkin@health.usf.edu', 3, 's', ''),
(10013, 'Dawson', 'Kleist', 'n/a', '706-726-2042', 'dkleist07@aol.com', 4, 'm', ''),
(10014, 'Tony', 'Christian', 'n/a', '941-504-6439', 'beckham08@earthlink.net', 4, 'l', ''),
(10015, 'Andrew', 'Abney', 'n/a', '8133945945', 'adabney@mail.usf.edu', 4, 'm', ''),
(10016, 'Rickamer', 'Hoover', 'n/a', '813-317-7073', 'Rickamer@aol.com', 4, 's', ''),
(10017, 'John', 'Harris', 'n/a', '8135285841', 'jaharri6@mail.usf.edu', 4, 'm', ''),
(10018, 'Andrew', 'Ramer', 'n/a', '8137861761', 'aramer2@mail.usf.edu', 4, 'm', ''),
(10019, 'Adilia', 'Taylor', 'n/a', '941-962-1924', 'ajtaylo4@mail.usf.edu', 4, 's', ''),
(10020, 'Danielle', 'Davis', 'n/a', '321-298-2301', 'dmdavis4@mail.usf.edu', 4, 's', ''),
(10021, 'Tessa', 'Walter', 'n/a', '3215147870', 'twalter@mail.usf.edu', 4, 's', ''),
(10022, 'Ashlee', 'Rogers', 'n/a', '4077332857', 'anroger3@mail.usf.edu', 3, 's', ''),
(10023, 'Jake Tee', 'Hart', 'n/a', '312 420 7469', 'jakobteewashington@yahoo.com', 4, 'm', ''),
(10024, 'Mike', 'Potter', 'n/a', '(941) 374-6899', 'mppotter@mail.usf.edu', 4, 'm', ''),
(10025, 'Tina', 'Goularte', 'n/a', '360-471-5654', 'vgoulart@mail.usf.edu', 3, 's', ''),
(10026, 'Remy', 'Mullen', 'n/a', '(941)-538-8960', 'fwonga18@aol.com', 4, 'm', ''),
(10027, 'Shane', 'Hagmaier', 'n/a', '941-224-5562', 'shanehagmaier@hotmail.com', 3, 'l', ''),
(10028, 'therese', 'doebler', 'n/a', '(813) 270-0439', 'therese@mail.usf.edu', 2, 's', ''),
(10029, 'Kathy', 'Yang', 'n/a', '813-407-2881', 'naning525@aol.com', 3, 's', ''),
(10030, 'Dario', 'Milano', 'n/a', '954-993-2608', 'dmilano@mail.usf.edu', 2, 'm', ''),
(10031, 'Jackie', 'Smith', 'n/a', '813-748-2120', 'horsegirl2848@hotmail.com', 3, 's', ''),
(10032, 'Leonard', 'Cho', 'n/a', '727.278.3692', '00cho00@gmail.com', 4, 'm', ''),
(10033, 'Missy', 'Willoughby', 'n/a', '9048615503', 'mjwillou@mail.usf.edu', 4, 's', ''),
(10034, 'Yale', 'Lin', 'n/a', '919-602-6233', 'Yyzlin@gmail.com', 3, 'm', ''),
(10035, 'Ryan', 'Chard', 'n/a', '561-827-9118', 'rchard@mail.usf.edu', 4, 'l', ''),
(10036, 'Dan', 'Macklin', 'n/a', '321-604-6792', 'dmacksk8er@yahoo.com', 3, 'm', ''),
(10037, 'Marisa A.', 'Westberry', 'n/a', '3868047882', 'mwestberry@alumni.flagler.edu', 3, 'm', ''),
(10038, 'Ray', 'Chumbley', 'n/a', '941-380-4519', 'breezeshooter@hotmail.com', 3, 'l', ''),
(10039, 'Matt', 'Vernon', 'n/a', '4076875692', 'mattvernon@mac.com', 4, 'l', ''),
(10040, 'Amanda', 'Nord', 'n/a', '7728126106', 'Qroxydudet27@msn.com', 4, 's', ''),
(10041, 'Eric', 'Reding', 'n/a', '3214808314', 'reddogrer@gmail.com', 2, 'm', ''),
(10042, 'Sean', 'Hopcraft', 'n/a', '4072529647', 'seanhopcraft@hotmail.com', 5, 'l', ''),
(10043, 'Kyle', 'Reedy', 'n/a', '727-443-2607', 'shortround10393@aol.com', 2, 'm', ''),
(10044, 'Brad', 'Agee', 'n/a', '765-717-4844', 'brad.agee@gmail.com', 5, 'l', ''),
(10045, 'Melissa', 'Agee', 'n/a', '517-643-0007', 'makeilen@aol.com', 4, 's', ''),
(10046, 'Monica', 'Carrington', 'n/a', '941-713-5314', 'mcarrington18@gmail.com', 3, 's', ''),
(10047, 'Aron', 'Andino', 'n/a', '561 699 4279', 'aronandino@gmail.com', 4, 'm', ''),
(10048, 'Edward', 'Moore', 'n/a', '813 817 2160', 'Emoore4@mail.usf.edu', 5, 'm', ''),
(10049, 'Jason', 'KcirtapkriK', 'n/a', '813-949-8250', 'kirksinbirks@verizon.net', 3, 'l', ''),
(10050, 'Ron', 'Hensler', 'n/a', '407-346-7502', 'rhensjr@gmail.com', 4, 'l', ''),
(10051, 'Jennifer', 'Chard', 'n/a', '561-543-5973', 'jen.chard@yahoo.com', 4, 's', ''),
(10052, 'Mike', 'Rigo', 'n/a', '941 524 7577', 'lilrigour@verizon.net', 3, 'l', ''),
(10053, 'Terry', 'Murphy', 'n/a', '407-770-7985', 'terence.murphy@email.saintleo.edu', 2, 'm', ''),
(10054, 'Claire', 'Selius', 'n/a', '3305599229', 'cselius@mail.usf.edu', 4, 's', ''),
(10055, 'Seamus', 'Belisle', 'n/a', '2676143361', 'smbelisl@mail.usf.edu', 4, 'l', ''),
(10056, 'Chris', 'Cawley', 'n/a', '321-480-4635', 'mrman7865@yahoo.com', 2, 'm', ''),
(10057, 'Taylor', 'Armstrong', 'n/a', '941-932-6857', 'strongarm18@gmail.com', 3, 'm', ''),
(10058, 'Matt', 'Nations', 'n/a', '9412669014', 'msk8105@hotmail.com', 3, 'm', ''),
(10059, 'Lauren', 'Centrella', 'n/a', '201-983-9316', 'lauren.centrella@email.saintleo.edu', 1, 'm', ''),
(10060, 'Jon', 'Alatriste', 'n/a', '407-496-7118', 'jonathan.alatriste@email.saintleo.edu', 2, 'm', ''),
(10061, 'Kyle', 'Krumwiede', 'n/a', '4074622574', 'Krumweede@cfl.rr.com', 4, 'm', ''),
(10062, 'Demetri', 'Houmis', 'n/a', '8139889214', 'mskh28@aol.com', 2, 'l', ''),
(10063, 'Peter', 'Helmore', 'n/a', '804-263-5870', 'phelmore@vt.edu', 3, 'm', ''),
(10064, 'Chasen', 'Brokaw', 'n/a', '850-508-3978', 'braves777@comcast.net', 1, 'm', ''),
(10065, 'Daniel', 'Nations', 'n/a', '9413213313', 'shmanz@ufl.edu', 3, 'm', ''),
(10066, 'Matt', 'Reedy', 'n/a', '727-542-8995', 'mtthwreedy@yahoo.com', 3, 'l', ''),
(10067, 'Michael', 'Vu', 'n/a', '7276317638', 'mvu@knights.ucf.edu', 2, 's', ''),
(10068, 'Danny', 'herrera', 'n/a', '3868431946', 'dherrer2@mail.usf.edu', 4, 'm', ''),
(10069, 'Mallory', 'White', 'n/a', '(540) 295 7381', 'mwhite14@mail.usf.edu', 2, 'm', ''),
(10070, 'Jesse', 'Goldsmith', 'n/a', '3216264730', 'fpl91291@hotmail.com', 2, 'm', ''),
(10071, 'Aaron', 'Puebla', 'n/a', '941-350-7388', 'arunnnn101@hotmail.com', 5, 's', ''),
(10072, 'Ashley', 'Long', 'n/a', '724 9444596', 'ashley.nicole.long@gmail.com', 4, 's', ''),
(10073, 'Rebecca', 'Poznansky', 'n/a', '347 729 6519', 'rpoznans@fau.edu', 3, 's', ''),
(10074, 'Oliver', 'Ucke', 'n/a', '8133356450', 'jucke@mail.usf.edu', 2, 's', ''),
(10075, 'Billy', 'Dzwonkowski', 'n/a', '941-301-1006', 'bd1366@aol.com', 3, 'm', ''),
(10076, 'Jack', 'Dupell', 'n/a', '813-495-7399', 'JDupe98@aol.com', 4, 'm', ''),
(10077, 'jd', 'eibe', 'n/a', '9414486087', 'dmx1369@aol.com', 3, 'm', ''),
(10078, 'Mark', 'Mendelevitz', 'n/a', '703-626-6263', 'mmendelevitz2008@my.fit.edu', 4, 's', ''),
(10079, 'Thomas', 'Reyniers', 'n/a', '941 725 0962', 'treynier@mail.usf.edu', 4, 'l', ''),
(10080, 'Tom', 'Chrzanowski', 'n/a', '313-525-6064', 't.chrzanowski01@gmail.com', 4, 'm', ''),
(10081, 'D', 'Lee', 'n/a', '727-204-1897', 'dan.b.lee@gmail.com', 4, 'm', ''),
(10082, 'Marty', 'Oswald', 'n/a', '(440) 655-3310', 'niten08@yahoo.com', 4, 'm', ''),
(10083, 'Sean', 'Messer', 'n/a', '3217490103', 'klahan81@yahoo.com', 2, 'm', ''),
(10084, 'Forrest', 'Hannahs', 'n/a', '321 446-6606', 'fhannahs@mail.usf.edu', 4, 'm', ''),
(10085, 'Brandon', 'Perales', 'n/a', '813-334-0849', 'brandonperales@gmail.com', 5, 'm', ''),
(10086, 'Summer', 'Strickler', 'n/a', '321-697-2535', 'Summerstrickler5@gmail.com', 3, 's', ''),
(10087, 'Eric', 'Siegmund', 'n/a', '727-420-7063', 'ericrsiegmund@gmail.com', 3, 'l', ''),
(10088, 'josh', 'pfenning', 'n/a', '813.802.0812', 'joshua_pfenning@verizon.net', 5, 'xl', ''),
(10089, '"Al ""Doc"""', 'Brown', 'n/a', '321-728-1985', 'abrown@fit.edu', 3, 'm', ''),
(10090, 'Joshua', 'Adams', 'n/a', '321-474-7513', 'josh@iamjosh.com', 3, 'm', ''),
(10091, 'Johanna', 'Kovarik', 'n/a', '269 932 8681', 'jkovarik@mail.usf.edu', 3, 's', ''),
(10092, 'Brian', 'Clarke', 'n/a', '813-335-0501', 'brianbclarke@hotmail.com', 4, 'l', ''),
(10093, 'Daiquiri', 'Frieling', 'n/a', '941.330.4821', 'dfrielin@student.mccfl.edu', 3, 's', ''),
(10094, 'Ged', 'Helm', 'n/a', '(727)455-7133', 'gedhelm@gmail.com', 1, 'l', ''),
(10095, 'Kelleigh', 'Simpson', 'n/a', '(609)651-7157', 'thewanderer527@yahoo.com', 4, 's', ''),
(10096, 'Mike', 'Mullins', 'n/a', '727-537-9695', 'reemox@gmail.com', 3, 'xl', ''),
(10097, 'Chase', 'Gardner', 'n/a', '772 224 0523', 'cgardne2@mail.usf.edu', 4, 'l', ''),
(10098, 'Alex', 'Heslep', 'n/a', '813-368-3511', 'alexheslep@hotmail.com', 4, 'l', ''),
(10099, 'Savio', 'Fernandes', 'n/a', '(813)966-1551', 'sjfernandes13@gmail.com', 2, 'm', ''),
(10100, 'Jordan', 'Anderson', 'n/a', '407-758-0281', 'freedomballa34@yahoo.com', 2, 'm', ''),
(10101, 'Rick', 'RIessle', 'n/a', '6038975341', 'rick.riessle@gmail.com', 4, 'xl', ''),
(10102, 'paul', 'rabaut', 'n/a', '813-555-5555', 'paulrabaut@hotmail.com', 5, 'l', ''),
(10103, 'Conrad', 'Estes', 'n/a', '321-432-9702', 'McDazzlepants@gmail.com', 3, 'l', ''),
(10104, 'Jimmy', 'Price', 'n/a', '(813) 416-7931', 'bulge57@yahoo.com', 5, 'xl', ''),
(10105, 'Kali', 'Westphalen', 'n/a', '941 504-9378', 'kwestphalen@me.com', 3, 'm', ''),
(10106, 'John', 'DallaRosa', 'n/a', '386 334 2944', 'Jdallaro@mail.usf.edu', 3, 'm', ''),
(10107, 'Joseph', 'Crinkley', 'n/a', '9417050431', 'jcrinkley@hotmail.com', 4, 'm', ''),
(10108, 'Viviana', 'Lit', 'n/a', '813-523-2323', 'viviana.lit@gmail.com', 2, 's', ''),
(10109, 'Rich', 'Meyerson', 'n/a', '813-894-4533', 'rmeyerson@sealimited.com', 3, 'l', ''),
(10110, 'William', 'Folchi', 'n/a', '860-371-6124', 'wfolchi2009@my.fit.edu', 2, 'l', ''),
(10111, 'Casey', 'Gamble', 'n/a', '(708) 772-6595', 'CaseyLove723@yahoo.com', 3, 'm', ''),
(10112, 'Jeremy', 'Sidman', 'n/a', '954-895-8664', 'wurm989@yahoo.com', 3, 'xl', ''),
(10113, 'alec', 'foster', 'n/a', '813-731-6917', 'afoster2@mail.usf.edu', 4, 'xl', ''),
(10114, 'Jesse', 'Velasquez', 'n/a', '813-766-8173', 'Javelasq@mail.usf.edu', 3, 'm', ''),
(10115, 'Matt', 'Leniton', 'n/a', '7273645012', 'wleniton@mail.usf.edu', 4, 'm', ''),
(10116, 'Kristopher', 'Bosque', 'n/a', '4079278149', 'bosko06@aol.com', 3, 'l', ''),
(10117, 'Jenn', 'Dronkers Masone', 'n/a', '727-437-8260', 'jdronkers@poynter.org', 4, 's', ''),
(10118, 'Darren', 'Rose', 'n/a', 'nunya', 'DCRUWOFL@aol.com', 3, 'l', ''),
(10119, 'Steven', 'Bassi', 'n/a', '8133358610', 'fudabushi@gmail.com', 3, 'l', ''),
(10120, 'Steve', 'Erdberg', 'n/a', '(727) 207-4180', 'hoppingonrunnynoses@yahoo.com', 3, 'm', ''),
(10121, 'Ryan', 'Leacock', 'n/a', '813-928-0782', 'ryanleacock@verizon.net', 3, 'l', ''),
(10122, 'Sam', 'Slater', 'n/a', '813 786 1734', 'samslater@alphatampa.net', 2, 'm', ''),
(10123, 'Eric', 'Davis', 'n/a', '813-985-4989', 'mad_mexican2@hotmail.com', 2, 'l', ''),
(10124, 'Catherine', 'Linton', 'n/a', '321-298-4645', 'clinton6@fau.edu', 3, 's', ''),
(10125, 'Matt', 'Wissler', 'n/a', '813-299-2214', 'mwissler@geosyntec.com', 3, 'l', ''),
(10126, 'Jeremy', 'White', 'n/a', '813.918.8341', 'jtwhite@geosyntec.com', 3, 'xl', ''),
(10127, 'Daniel', 'Huber', 'n/a', '813-351-9240', 'danieladamhuber@gmail.com', 2, 'l', ''),
(10128, 'Marlena', 'Perales', 'n/a', '813-476-4100', 'marlenaperales@gmail.com', 2, 's', ''),
(10129, 'Cathy', 'Marshall', 'n/a', '941 807 1153', 'marshallcathy@gmail.com', 4, 's', ''),
(10130, 'Mike', 'Zaagman', 'n/a', '616-443-1881', 'mikezaagman04@gmail.com', 4, 'm', ''),
(10131, 'Alison', 'Stargel', 'n/a', '7273653924', 'stargel.alison@gmail.com', 2, 'm', ''),
(10132, 'Jenny', 'Spacek', 'n/a', '727-385-6099', 'blackbirdbrown@gmail.com', 3, 's', ''),
(10133, 'Boe', 'Quisenberry', 'n/a', '813.928.3880', 'boe_quisenberry@yahoo.com', 4, 'm', ''),
(10134, 'Kathleen', 'Quisenberry', 'n/a', '614.946.7953', 'k_q2834@hotmail.com', 4, 's', ''),
(10135, 'Christopher', 'LoPresto', 'n/a', '813-486-6529', 'clopresto1464@aol.com', 3, 'm', ''),
(10136, 'Anthony', 'Encarnacion', 'n/a', '941-441-5705', 'encarnacion@mail.usf.edu', 3, 'xl', ''),
(10137, 'Frank', 'Price', 'n/a', '941-761-2802', 'catlinjrette@yahoo.com', 2, 'l', ''),
(10138, 'Roy', 'Juniors', 'n/a', '904 SUCK IT1', 'rje24@ufl.edu', 3, 's', ''),
(10139, 'Louis', 'Brown', 'n/a', '727-743-6099', 'woodybdc@gmail.com', 3, 'xl', ''),
(10140, 'Andrew', 'Leathers', 'n/a', '3523593444', 'nolocalreality@excite.com', 4, 'm', ''),
(10141, 'Robert', 'Negron', 'n/a', '787 525-2884', 'rmnegron@hotmail.com', 1, 'm', ''),
(10142, 'Troy', 'Greenawalt', 'n/a', '772-564-9356', 'tag112462@aol.com', 3, 'm', ''),
(10143, 'Seth', 'Richards', 'n/a', '941 812 2365', 'frichards13@msn.com', 5, 'xl', ''),
(10144, 'Joshua', 'Kearns', 'n/a', '724-272-4499', 'jjkearns22@hotmail.com', 4, 'm', ''),
(10145, 'Zachary', 'Hipkens', 'n/a', '615 512-0778', 'hipkenzh@eckerd.edu', 4, 'm', ''),
(10146, 'camilo', 'buitrago', 'n/a', '8139186588', 'zero19876@hotmail.com', 3, 'm', ''),
(10147, 'efrain', 'ramon', 'n/a', '239-682-9785', 'efrainramon@yahoo.com', 4, 'm', ''),
(10148, 'Andrew', 'Ashby', 'n/a', '7273594956', 'Psycodog2000@aol.com', 2, 'm', ''),
(10149, 'Alisha', 'Stoun', 'n/a', '850-445-1869', 'stoun@ufl.edu', 4, 's', ''),
(10150, 'Michael', 'Plante', 'n/a', '407-687-6755', 'rbrmike@hotmail.com', 3, 'l', ''),
(10151, 'Matthew', 'Hardy', 'n/a', '(941) 780-5476', 'mhardy3@knights.ucf.edu', 3, 'm', ''),
(10152, 'Carlo', 'Mosca', 'n/a', '203-668-0786', 'cmosca84@gmail.com', 4, 'm', ''),
(10156, 'Rachael', 'Jones', 'f', '941 720 3728', 'rmjones6@mail.usf.edu', 3, 'm', ''),
(10165, 'Roeland', 'Reyniers', 'm', '813-468-0703', 'roeland.reyniers@gmail.com', 4, 'm', ''),
(10168, 'John', 'Harris', 'm', '8135285841', 'jaharri6@mail.usf.edu', 3, 's', ''),
(10169, 'Tom', 'Ski', 'm', '', 't.chrzanowski01@gmail.com', 3, 'm', ''),
(10170, 'D', 'Lee', 'm', '727-204-1897', 'dan.b.lee@gmail.com', 4, 'l', 'Can team bubbles be the same team again? If not, no requests.'),
(10171, 'Dario', 'Milano', 'm', '9549932608', 'dmilano@mail.usf.edu', 3, 'm', ''),
(10172, 'Eryn', 'Ivey', 'f', '4074469100', 'eryn@knights.ucf.edu', 3, 's', 'Bobby Riegel'),
(10173, 'Andrew', 'Abney', 'm', '', 'adabney@mail.usf.edu', 4, 'm', 'Brooke...duh'),
(10174, 'Matt', 'Nations', 'm', '', 'mattnations@live.com', 3, 'm', ''),
(10175, 'Broooke', 'Abney', 'f', '8133945942', 'brookeashley2@gmail.com', 3, 's', 'Andrew and I to be on the same team. :)\nAnd this website is awesome!! Thanks ROE!! :)'),
(10176, 'Brandon', 'Perales', 'm', '813-334-0849', 'brandonperales@gmail.com', 5, 'm', 'Summer Strickler'),
(10177, 'Summer', 'Strickler', 'f', '321-697-2535', 'summerstrickler5@gmail.com', 4, 's', 'Brandon Perales'),
(10178, 'alec', 'foster', 'm', '', 'afoster2@mail.usf.edu', 4, 'xl', ''),
(10179, 'Thomas ', 'Reyniers', 'm', '9417250962', 'Treynier@mail.usf.edu', 3, 'l', ''),
(10180, 'Jack', 'Dupell', 'm', '813-495-7399', 'JDupe98@aol.com', 1, 'm', 'Don''t put me on the worst team...again.  Please.  Third time''s the charm!'),
(10181, 'Phillip', 'Anderson', 'm', '941-400-2347', 'panderson81@gmail.com', 3, 'l', ''),
(10182, 'Aaron', 'Puebla', 'm', '', 'apuebla@mail.usf.edu', 3, 's', ''),
(10183, 'Aron', 'Andino', 'm', '(561) 699-4279', 'arronandino@gmail.com', 2, 'm', ''),
(10184, 'Kegstand', 'riegel', 'm', '7273738505', 'aboynamedbobster@gmail.com', 1, 'l', 'Lots of girls'),
(10185, 'Al "Doc"', 'Brown', 'm', '321-728-1985', 'abrown@fit.edu', 3, 'm', ''),
(10186, 'Jordan ', 'Knoten', 'm', '941-313-4555', 'jlksolutions@gmail.com', 4, 'l', 'Styx!'),
(10187, 'Kelly ', 'Knoten', 'f', '941-350-5451', 'frizbeechick@hotmail.com', 3, 's', 'Styx!'),
(10188, 'Catie', 'Linton', 'f', '321-298-4645', 'Clinton6@fau.edu', 3, 's', 'Forrest Hannahs'),
(10189, 'Danielle', 'Renzi', 'f', '', 'danielle.renzi@gmail.com', 4, 'm', ''),
(10190, 'Mike', 'Farrell', 'm', '', 'stuffit23@yahoo.com', 4, 'l', 'Michael Scott'),
(10191, 'Mallory', 'White', 'f', '', 'mwhite14@mail.usf.edu', 3, 's', ''),
(10192, 'Michael', 'Manganello', 'm', '5616321673', 'mfmangan@mail.usf.edu', 3, 's', 'I would like it if there were live white tigers on the sidelines for my amusement between points.  Preferably leashed ones.'),
(10193, 'Zachary', 'Poteet', 'm', '2399637301', 'Poteetza@comcast.net', 1, 'm', ''),
(10194, 'Alison', 'Stargel', 'f', '', 'stargel.alison@gmail.com', 1, 'm', 'Matt Chandler'),
(10195, 'Leonard ', 'Cho', 'm', '727.278.3692', '02cho@tampabay.rr.com', 3, 'm', 'Yuengling or better for the party. Just say no to miller & anheuser busch'),
(10196, 'Chasen', 'Brokaw', 'm', '', 'brvaes777@comcast.net', 3, 'm', 'i want to play on the winning team this year...aka...seth''s team...because that team will be stacked...like it always is...:)'),
(10197, 'Matt', 'Chandler', 'm', '', 'mbchandl@gmail.com', 2, 'm', 'Alison Stargel'),
(10198, 'Chris', 'Ozi', 'm', '', 'mccchris2@yahoo.com', 3, 'm', ''),
(10199, 'Teal', 'Dabney', 'f', '813-850-8191', 'tldabney@mail.usf.edu', 2, 'm', ''),
(10200, 'Jessica', 'Zok', 'f', '(813) 226-7588', 'jzok@mail.usf.edu', 1, 's', ''),
(10201, 'Adilia', 'Taylor', 'f', '941-962-1924', 'ajtaylo4@mail.usf.edu', 3, 'm', 'I''m a "maybe" right now, but I wanted to sign up just in case...just keep that in mind when making the teams.'),
(10202, 'Stacey', 'Herdegen', 'f', '(941) 323 7007', 'stacey.herdegen@yahoo.com', 4, 's', 'DIRTY BUBBLES REUNION?! ;)'),
(10203, 'Jakob', 'Hart', 'm', '8139005978', 'jakobteewashington@yahoo.com', 4, 'm', 'Layouts'),
(10204, 'Hanif', 'Carroll', 'm', '9412865903', 'mrsexithang@gmail.com', 3, 'm', ''),
(10205, 'Wouter', 'Reyniers', 'm', '813-323-0078', 'wouterreyniers@gmail.com', 1, 'l', 'Some buttsex would be nice.'),
(10206, 'therese', 'doebler', 'f', '813-270-0439', 'therese@mail.usf.edu', 2, 's', 'Allow the Bubbles to continue thier winning legacy!!'),
(10207, 'Andrew', 'Davis', 'm', '727-365-1464', 'adavis17@mail.usf.edu', 3, 'm', 'just want a shirt, hat, and play some disc =]'),
(10208, 'Dave', 'Fain', 'm', '3864790970', 'david.m.fain@gmail.com', 2, 'l', ''),
(10209, 'Christina', 'Brown', 'f', '', 'cmb09j@med.fsu.edu', 3, 's', 'Alison Stargel if she''s going but she might not be who knows'),
(10210, 'Forrest', 'Hannahs', 'm', '', 'fhannahs@mail.usf.edu', 4, 'm', 'Catie Linton'),
(10211, 'Sean', 'Messer', 'm', '321-749-0103', 'klahan81@yahoo.com', 3, 'm', ''),
(10212, 'william', 'crowder', 'm', '813 843 8279', 'wcrowder@mail.usf.edu', 1, 'm', 'topless bitches. and a cool color shirt too. '),
(10213, 'Ray', 'Chumbley', 'm', '(941) 380-4519', 'breezeshooter@hotmail.com', 3, 'l', ''),
(10214, 'Ronald', 'Hensler', 'm', '', 'rhensjr@gmail.com', 3, 'l', ''),
(10215, 'Matt', 'Leniton', 'm', '7273645012', 'wleniton@mail.usf.edu', 4, 'l', ''),
(10216, 'Remy', 'Mullen', 'm', '(941)-538-8960', 'fwonga18@aol.com', 4, 'm', 'Brandon Perales (it just wouldn''t be a hat tournament without B.)'),
(10217, 'Sydnor', 'Richkind', 'm', '(813) 610-7373', 'shortsyd@hotmail.com', 3, 's', 'I chose a small shirt because that''s what I usually get... If it''s like last year, then that should work.  But if it''s midget-sized, please lemme'' know so I can switch to Medium.'),
(10218, 'Joshua', 'Pfenning', 'm', '', 'joshua_pfenning@verizon.net', 3, 'l', ''),
(10219, 'Eric', 'Chin', 'm', '941-773-9104', 'FrozenYummy@aol.com', 2, 's', 'Hugs and Kisses :)'),
(10220, 'Willie', 'Duren', 'm', '239-777-2026', 'kduren@comcast.net', 5, 'xl', ''),
(10221, 'Jesse', 'Goldsmith', 'm', '(321)626-4730', 'goldsmithj@mail.usf.edu', 3, 'm', 'Tessa Walter'),
(10222, 'Foster', 'Krabill', 'm', '941-301-9327', 'fosterkrabill@yahoo.com', 2, 'm', ''),
(10223, 'Nate', 'Morton', 'm', '', 'n8morton@tampabay.rr.com', 3, 'l', ''),
(10224, 'Jesse ', 'Velasquez', 'm', '813-766-8173', 'Fitch3583@aol.com', 3, 'm', ''),
(10225, 'Jordan', 'Pritchard', 'm', '', 'jwp1121@ufl.edu', 3, 'm', ''),
(10226, 'Matt', 'Bryan', 'm', '813-545-1714', 'mjbryan@mail.usf.edu', 4, 'm', 'Nikki Bryan'),
(10227, 'Kyle', 'Reedy', 'm', '727-249-9983', 'shortround10393@aol.com', 3, 'm', 'Matt Reedy'),
(10228, 'Loryn', 'Orwig ', 'f', '(941)527-6192', 'jeepthis8@yahoo.com', 2, 'm', ''),
(10229, 'Viviana', 'Lit', 'f', '', 'vlit@hotmail.com', 2, 's', 'Be on the same team w/ Rich Meyerson'),
(10230, 'Rich', 'Meyerson', 'm', '', 'rmhokies@aol.com', 3, 'm', ''),
(10231, 'James', 'Hood', 'm', '(941) 302-8477', 'jhhood@mail.usf.edu', 3, 'm', 'Cody McApline, Brett Wiechmann'),
(10232, 'Mike ', 'Potter', 'm', '', 'mppotter@mail.usf.edu', 3, 'm', 'Caitlin''s team...?'),
(10233, 'Caitlin', 'Simpson', 'f', '', 'cmsimps2@mail.usf.edu', 3, 's', 'On Mike''s team!!!!!!!!!!!!!!!!!!'),
(10234, 'Bobby', 'Ley', 'm', '813 5979067', 'bobbyley@gmail.com', 1, 's', ' the belgium! and other uproar ppl'),
(10235, 'Billy ', 'Dzwonkowski', 'm', '941-301-1006', 'bd1366@aol.com', 3, 'm', ''),
(10236, 'Yale', 'Lin', 'm', '', 'Yyzlin@gmail.com', 4, 'm', ''),
(10237, 'Joshua', 'Hyde', 'm', '904-608-7378', 'Footballplayadoc@yahoo.com', 2, 'm', 'Brendan perales, summer Strickland '),
(10238, 'Neal', 'Gibeault', 'm', '', 'neal.gibeault@gmail.com', 3, 'm', ''),
(10239, 'Marisa', 'Westberry', 'f', '386 8047882', 'mwestberry@alumni.flagler.edu', 3, 'm', ''),
(10240, 'Porcheona', 'Waller', 'f', '7278224789', 'porchewaller@yahoo.com', 1, 'xl', ''),
(10241, 'Clarie', 'Selius', 'f', '', 'clarieselius@gmail.com', 4, 's', 'Seth Richards/ Sunny Harris'),
(10242, 'AleX', 'Heslep', 'm', '', 'Alexheslep@hotmail.com', 4, 'l', 'to be on seths team....do it.'),
(10243, 'Monica', 'Fernandez', 'f', '813-545-7830', 'mfehello@yahoo.com', 3, 's', 'Allison Stargell'),
(10244, 'Monica', 'Carrington', 'f', '', 'mcarrington18@gmail.com', 3, 's', ''),
(10245, 'John', 'Doe', 'm', '239 7761065', 'slickone464@aol.com', 2, 'm', 'i want a trailer with strippers and cocaine. the strippers MUST bed red heads. i cant stress that enough.'),
(10246, 'Wilson', 'Deboise', 'm', '813-368-4525', 'Deboisew@yahoo.com', 3, 'l', ''),
(10247, 'Nikki', 'Reynolds', 'f', '901.831.3080', 'nreynol4@gmail.com', 4, 's', 'Matthew James Bryan PLEASE! '),
(10248, 'michael', 'dickerson', 'm', '941 224 5733', 'zestyitalian563@aol.com', 2, 'l', ''),
(10249, 'Styx', 'Ierardi II', 'm', '941-376-1866', 'sierardi@mail.usf.edu', 5, 'm', 'the knotens.  kelly AND jordan.'),
(10250, 'Shinners', 'Shinners', 'm', '', 'bullshin00@hotmail.com', 5, 'l', ''),
(10251, 'Patricia', 'Stevenson', 'f', '', 'plsteve2@mail.usf.edu', 3, 's', ''),
(10252, 'Cody', 'McAlpine', 'm', '941-724-0280', 'codeeeeeee@hotmail.com', 4, 'm', 'Alex Krueger\nJames Hood'),
(10253, 'Ryan', 'Kalpakian', 'm', 'its prolly in your p', 'rkalpaki@mail.usf.edu', 3, 'm', 'girls with big ass titties on my team ;)\n'),
(10254, 'John', 'DallaRosa', 'm', '386-334-2944', 'jdallaro@mail.usf.edu', 3, 'm', 'jen chards fine ass on my team mmmmmmm...'),
(10255, 'Amanda', 'Schworm', 'f', '724-991-5557', 'schwora@gmail.com', 4, 's', 'Kelly Knoten'),
(10256, 'Tessa', 'Walter', 'f', '(321) 514-7870', 'twalter@mail.usf.edu', 3, 's', 'Jesse Goldsmith'),
(10257, 'Sam', 'Dame', 'f', '', 'sdame711@ufl.edu', 2, 's', 'Thomas... I guess.'),
(10258, 'Danielle', 'Davis', 'f', '(321) 298 2301', 'dmdavis4@mail.usf.edu', 2, 's', ''),
(10259, 'Sleeves', 'Rogers', 'f', '(407) 733 2857', 'anrogers3@mail.usf.edu', 3, 's', ''),
(10260, 'Nick ', 'Smart', 'm', '9412241293', 'nsmart@mail.usf.edu', 3, 'm', ''),
(10261, 'Tony', 'Brown', 'm', '3212528822', 'toynbert@gmail.com', 3, 'm', 'drinking team please'),
(10262, 'Sophie', 'Schoppe', 'f', '(813) 449-0670', 'sschoppe@uos.de', 1, 'm', ''),
(10263, 'Danielle', 'Davis', 'f', '3212982301', 'Dmdavis4@mail.Usf.edu', 3, 's', ''),
(10264, 'Dawson', 'Kleist', 'm', '7067262042', 'dkleist07@aol.com', 3, 'm', '');

-- --------------------------------------------------------

--
-- Table structure for table `player_scallyhatter`
--

CREATE TABLE IF NOT EXISTS `player_scallyhatter` (
  `id` int(11) NOT NULL AUTO_INCREMENT,
  `fk_player_id` int(11) NOT NULL,
  `fk_scallyhatter_id` int(11) NOT NULL,
  `status` varchar(50) DEFAULT NULL,
  `date_registered` datetime DEFAULT NULL,
  PRIMARY KEY (`id`),
  KEY `fk_player_id` (`fk_player_id`),
  KEY `fk_scallyhatter_id` (`fk_scallyhatter_id`)
) ENGINE=InnoDB  DEFAULT CHARSET=latin1 AUTO_INCREMENT=296 ;

--
-- Dumping data for table `player_scallyhatter`
--

INSERT INTO `player_scallyhatter` (`id`, `fk_player_id`, `fk_scallyhatter_id`, `status`, `date_registered`) VALUES
(31, 10000, 1, 'None', '2010-09-29 13:54:27'),
(32, 10001, 1, 'None', NULL),
(33, 10002, 1, 'None', NULL),
(34, 10003, 1, 'None', NULL),
(35, 10004, 1, 'None', NULL),
(36, 10005, 1, 'None', NULL),
(37, 10006, 1, 'None', NULL),
(38, 10007, 1, 'None', NULL),
(39, 10008, 1, 'None', NULL),
(40, 10009, 1, 'None', NULL),
(41, 10010, 1, 'None', NULL),
(42, 10011, 1, 'None', NULL),
(43, 10012, 1, 'None', NULL),
(44, 10013, 1, 'None', NULL),
(45, 10014, 1, 'None', NULL),
(46, 10015, 1, 'None', NULL),
(47, 10016, 1, 'None', NULL),
(48, 10017, 1, 'None', NULL),
(49, 10018, 1, 'None', NULL),
(50, 10019, 1, 'None', NULL),
(51, 10020, 1, 'None', NULL),
(52, 10021, 1, 'None', NULL),
(53, 10022, 1, 'None', NULL),
(54, 10023, 1, 'None', NULL),
(55, 10024, 1, 'None', NULL),
(56, 10025, 1, 'None', NULL),
(57, 10026, 1, 'None', NULL),
(58, 10027, 1, 'None', NULL),
(59, 10028, 1, 'None', NULL),
(60, 10029, 1, 'None', NULL),
(61, 10030, 1, 'None', NULL),
(62, 10031, 1, 'None', NULL),
(63, 10032, 1, 'None', NULL),
(64, 10033, 1, 'None', NULL),
(65, 10034, 1, 'None', NULL),
(66, 10035, 1, 'None', NULL),
(67, 10036, 1, 'None', NULL),
(68, 10037, 1, 'None', NULL),
(69, 10038, 1, 'None', NULL),
(70, 10039, 1, 'None', NULL),
(71, 10040, 1, 'None', NULL),
(72, 10041, 1, 'None', NULL),
(73, 10042, 1, 'None', NULL),
(74, 10043, 1, 'None', NULL),
(75, 10044, 1, 'None', NULL),
(76, 10045, 1, 'None', NULL),
(77, 10046, 1, 'None', NULL),
(78, 10047, 1, 'None', NULL),
(79, 10048, 1, 'None', NULL),
(80, 10049, 1, 'None', NULL),
(81, 10050, 1, 'None', NULL),
(82, 10051, 1, 'None', NULL),
(83, 10052, 1, 'None', NULL),
(84, 10053, 1, 'None', NULL),
(85, 10054, 1, 'None', NULL),
(86, 10055, 1, 'None', NULL),
(87, 10056, 1, 'None', NULL),
(88, 10057, 1, 'None', NULL),
(89, 10058, 1, 'None', NULL),
(90, 10059, 1, 'None', NULL),
(91, 10060, 1, 'None', NULL),
(92, 10061, 1, 'None', NULL),
(93, 10062, 1, 'None', NULL),
(94, 10063, 1, 'None', NULL),
(95, 10064, 1, 'None', NULL),
(96, 10065, 1, 'None', NULL),
(97, 10066, 1, 'None', NULL),
(98, 10067, 1, 'None', NULL),
(99, 10068, 1, 'None', NULL),
(100, 10069, 1, 'None', NULL),
(101, 10070, 1, 'None', NULL),
(102, 10071, 1, 'None', NULL),
(103, 10072, 1, 'None', NULL),
(104, 10073, 1, 'None', NULL),
(105, 10074, 1, 'None', NULL),
(106, 10075, 1, 'None', NULL),
(107, 10076, 1, 'None', NULL),
(108, 10077, 1, 'None', NULL),
(109, 10078, 1, 'None', NULL),
(110, 10079, 1, 'None', NULL),
(111, 10080, 1, 'None', NULL),
(112, 10081, 1, 'None', NULL),
(113, 10082, 1, 'None', NULL),
(114, 10083, 1, 'None', NULL),
(115, 10084, 1, 'None', NULL),
(116, 10085, 1, 'None', NULL),
(117, 10086, 1, 'None', NULL),
(118, 10087, 1, 'None', NULL),
(119, 10088, 1, 'None', NULL),
(120, 10089, 1, 'None', NULL),
(121, 10090, 1, 'None', NULL),
(122, 10091, 1, 'None', NULL),
(123, 10092, 1, 'None', NULL),
(124, 10093, 1, 'None', NULL),
(125, 10094, 1, 'None', NULL),
(126, 10095, 1, 'None', NULL),
(127, 10096, 1, 'None', NULL),
(128, 10097, 1, 'None', NULL),
(129, 10098, 1, 'None', NULL),
(130, 10099, 1, 'None', NULL),
(131, 10100, 1, 'None', NULL),
(132, 10101, 1, 'None', NULL),
(133, 10102, 1, 'None', NULL),
(134, 10103, 1, 'None', NULL),
(135, 10104, 1, 'None', NULL),
(136, 10105, 1, 'None', NULL),
(137, 10106, 1, 'None', NULL),
(138, 10107, 1, 'None', NULL),
(139, 10108, 1, 'None', NULL),
(140, 10109, 1, 'None', NULL),
(141, 10110, 1, 'None', NULL),
(142, 10111, 1, 'None', NULL),
(143, 10112, 1, 'None', NULL),
(144, 10113, 1, 'None', NULL),
(145, 10114, 1, 'None', NULL),
(146, 10115, 1, 'None', NULL),
(147, 10116, 1, 'None', NULL),
(148, 10117, 1, 'None', NULL),
(149, 10118, 1, 'None', NULL),
(150, 10119, 1, 'None', NULL),
(151, 10120, 1, 'None', NULL),
(152, 10121, 1, 'None', NULL),
(153, 10122, 1, 'None', NULL),
(154, 10123, 1, 'None', NULL),
(155, 10124, 1, 'None', NULL),
(156, 10125, 1, 'None', NULL),
(157, 10126, 1, 'None', NULL),
(158, 10127, 1, 'None', NULL),
(159, 10128, 1, 'None', NULL),
(160, 10129, 1, 'None', NULL),
(161, 10130, 1, 'None', NULL),
(162, 10131, 1, 'None', NULL),
(163, 10132, 1, 'None', NULL),
(164, 10133, 1, 'None', NULL),
(165, 10134, 1, 'None', NULL),
(166, 10135, 1, 'None', NULL),
(167, 10136, 1, 'None', NULL),
(168, 10137, 1, 'None', NULL),
(169, 10138, 1, 'None', NULL),
(170, 10139, 1, 'None', NULL),
(171, 10140, 1, 'None', NULL),
(172, 10141, 1, 'None', NULL),
(173, 10142, 1, 'None', NULL),
(174, 10143, 1, 'None', NULL),
(175, 10144, 1, 'None', NULL),
(176, 10145, 1, 'None', NULL),
(177, 10146, 1, 'None', NULL),
(178, 10147, 1, 'None', NULL),
(179, 10148, 1, 'None', NULL),
(180, 10149, 1, 'None', NULL),
(181, 10150, 1, 'None', NULL),
(182, 10151, 1, 'None', NULL),
(183, 10152, 1, 'None', NULL),
(187, 10156, 2, 'Signed Up - Choose Payment', '2010-09-29 22:21:30'),
(196, 10165, 2, 'Signed Up - Paying Later', '2010-09-30 00:34:57'),
(199, 10168, 2, 'Signed Up - Choose Payment', '2010-09-30 01:16:34'),
(200, 10169, 2, 'Signed Up - Choose Payment', '2010-09-30 01:16:58'),
(201, 10170, 2, 'Signed Up - Choose Payment', '2010-09-30 01:21:53'),
(202, 10171, 2, 'Signed Up - Choose Payment', '2010-09-30 01:36:47'),
(203, 10172, 2, 'Signed Up - Paying Later', '2010-09-30 14:50:04'),
(204, 10173, 2, 'Signed Up - Choose Payment', '2010-09-30 07:34:18'),
(205, 10174, 2, 'Paid - Online', '2010-09-30 08:31:53'),
(206, 10175, 2, 'Signed Up - Paying Later', '2010-09-30 08:32:33'),
(207, 10176, 2, 'Signed Up - Paying Later', '2010-09-30 09:19:51'),
(208, 10177, 2, 'Signed Up - Paying Later', '2010-09-30 09:21:31'),
(209, 10178, 2, 'Signed Up - Choose Payment', '2010-09-30 09:59:59'),
(210, 10179, 2, 'Signed Up - Paying Later', '2010-09-30 10:33:55'),
(211, 10180, 2, 'Paid - Online', '2010-09-30 10:39:14'),
(212, 10181, 2, 'Signed Up - Choose Payment', '2010-09-30 10:54:45'),
(213, 10182, 2, 'Signed Up - Choose Payment', '2010-09-30 11:02:25'),
(214, 10183, 2, 'Signed Up - Choose Payment', '2010-09-30 11:05:10'),
(215, 10184, 2, 'Paid - Online', '2010-09-30 11:05:14'),
(216, 10185, 2, 'Paid - Online', '2010-09-30 11:23:30'),
(217, 10186, 2, 'Signed Up - Choose Payment', '2010-09-30 11:24:16'),
(218, 10187, 2, 'Signed Up - Choose Payment', '2010-09-30 11:24:56'),
(219, 10188, 2, 'Signed Up - Choose Payment', '2010-09-30 11:30:47'),
(220, 10189, 2, 'Signed Up - Choose Payment', '2010-09-30 11:32:30'),
(221, 10190, 2, 'Signed Up - Paying Later', '2010-09-30 11:41:15'),
(222, 10191, 2, 'Signed Up - Choose Payment', '2010-09-30 11:48:58'),
(223, 10192, 2, 'Signed Up - Paying Later', '2010-09-30 11:51:10'),
(224, 10193, 2, 'Signed Up - Paying Later', '2010-09-30 11:53:31'),
(225, 10194, 2, 'Signed Up - Paying Later', '2010-09-30 11:56:54'),
(226, 10195, 2, 'Signed Up - Choose Payment', '2010-09-30 11:57:02'),
(227, 10196, 2, 'Signed Up - Choose Payment', '2010-09-30 12:06:25'),
(228, 10197, 2, 'Signed Up - Paying Later', '2010-09-30 12:06:36'),
(229, 10198, 2, 'Signed Up - Choose Payment', '2010-09-30 12:30:48'),
(230, 10199, 2, 'Signed Up - Paying Later', '2010-09-30 12:44:56'),
(231, 10200, 2, 'Signed Up - Paying Later', '2010-09-30 12:48:57'),
(232, 10201, 2, 'Signed Up - Choose Payment', '2010-09-30 13:30:32'),
(233, 10202, 2, 'Signed Up - Choose Payment', '2010-09-30 13:37:27'),
(234, 10203, 2, 'Signed Up - Choose Payment', '2010-09-30 21:26:55'),
(235, 10204, 2, 'Paid - Online', '2010-09-30 14:02:43'),
(236, 10205, 2, 'Signed Up - Choose Payment', '2010-09-30 14:16:51'),
(237, 10206, 2, 'Signed Up - Choose Payment', '2010-09-30 14:30:42'),
(238, 10207, 2, 'Signed Up - Paying Later', '2010-09-30 14:37:24'),
(239, 10208, 2, 'Paid - Online', '2010-09-30 14:44:22'),
(240, 10209, 2, 'Signed Up - Choose Payment', '2010-09-30 14:49:36'),
(241, 10210, 2, 'Signed Up - Choose Payment', '2010-09-30 14:59:51'),
(242, 10211, 2, 'Signed Up - Paying Later', '2010-09-30 15:00:18'),
(243, 10212, 2, 'Signed Up - Paying Later', '2010-09-30 15:11:19'),
(244, 10213, 2, 'Signed Up - Choose Payment', '2010-09-30 15:18:20'),
(245, 10214, 2, 'Paid - Online', '2010-09-30 15:22:12'),
(246, 10215, 2, 'Signed Up - Choose Payment', '2010-09-30 15:28:07'),
(247, 10216, 2, 'Signed Up - Paying Later', '2010-09-30 15:37:11'),
(248, 10217, 2, 'Paid - Online', '2010-09-30 15:45:27'),
(249, 10218, 2, 'Signed Up - Paying Later', '2010-09-30 15:56:15'),
(250, 10219, 2, 'Signed Up - Paying Later', '2010-09-30 16:12:50'),
(251, 10220, 2, 'Signed Up - Paying Later', '2010-09-30 16:28:25'),
(252, 10221, 2, 'Signed Up - Paying Later', '2010-09-30 16:46:22'),
(253, 10222, 2, 'Signed Up - Choose Payment', '2010-09-30 16:58:20'),
(254, 10223, 2, 'Signed Up - Paying Later', '2010-09-30 17:00:07'),
(255, 10224, 2, 'Signed Up - Paying Later', '2010-09-30 17:22:08'),
(256, 10225, 2, 'Paid - Online', '2010-09-30 17:44:03'),
(257, 10226, 2, 'Signed Up - Choose Payment', '2010-09-30 17:48:30'),
(258, 10227, 2, 'Paid - Online', '2010-09-30 17:52:24'),
(259, 10228, 2, 'Signed Up - Choose Payment', '2010-09-30 17:53:00'),
(260, 10229, 2, 'Signed Up - Choose Payment', '2010-09-30 17:59:44'),
(261, 10230, 2, 'Signed Up - Choose Payment', '2010-09-30 18:00:15'),
(262, 10231, 2, 'Signed Up - Choose Payment', '2010-09-30 18:05:54'),
(263, 10232, 2, 'Signed Up - Choose Payment', '2010-09-30 18:06:17'),
(264, 10233, 2, 'Signed Up - Choose Payment', '2010-09-30 18:09:22'),
(265, 10234, 2, 'Signed Up - Choose Payment', '2010-09-30 18:15:01'),
(266, 10235, 2, 'Signed Up - Paying Later', '2010-09-30 18:19:16'),
(267, 10236, 2, 'Signed Up - Choose Payment', '2010-09-30 18:25:34'),
(268, 10237, 2, 'Signed Up - Paying Later', '2010-09-30 19:26:14'),
(269, 10238, 2, 'Paid - Online', '2010-09-30 20:00:09'),
(270, 10239, 2, 'Signed Up - Paying Later', '2010-09-30 20:24:34'),
(271, 10240, 2, 'Signed Up - Choose Payment', '2010-09-30 20:39:29'),
(272, 10241, 2, 'Signed Up - Paying Later', '2010-09-30 20:47:26'),
(273, 10242, 2, 'Signed Up - Choose Payment', '2010-09-30 20:49:26'),
(274, 10243, 2, 'Signed Up - Paying Later', '2010-09-30 20:49:42'),
(275, 10244, 2, 'Signed Up - Paying Later', '2010-09-30 20:51:46'),
(276, 10245, 2, 'Signed Up - Choose Payment', '2010-09-30 20:53:50'),
(277, 10246, 2, 'Paid - Online', '2010-09-30 21:02:28'),
(278, 10247, 2, 'Signed Up - Paying Later', '2010-09-30 21:05:34'),
(279, 10248, 2, 'Signed Up - Paying Later', '2010-09-30 21:06:04'),
(280, 10249, 2, 'Signed Up - Choose Payment', '2010-09-30 21:41:46'),
(281, 10250, 2, 'Signed Up - Choose Payment', '2010-09-30 21:45:17'),
(282, 10251, 2, 'Signed Up - Paying Later', '2010-09-30 22:07:48'),
(283, 10252, 2, 'Signed Up - Choose Payment', '2010-09-30 22:38:07'),
(284, 10253, 2, 'Signed Up - Paying Later', '2010-09-30 23:02:38'),
(285, 10254, 2, 'Signed Up - Choose Payment', '2010-09-30 23:11:04'),
(286, 10255, 2, 'Signed Up - Choose Payment', '2010-09-30 23:44:58'),
(287, 10256, 2, 'Signed Up - Paying Later', '2010-10-01 01:14:39'),
(288, 10257, 2, 'Signed Up - Choose Payment', '2010-10-01 01:19:06'),
(289, 10258, 2, 'Signed Up - Paying Later', '2010-10-01 01:37:29'),
(290, 10259, 2, 'Signed Up - Paying Later', '2010-10-01 01:38:42'),
(291, 10260, 2, 'Signed Up - Paying Later', '2010-10-01 01:54:36'),
(292, 10261, 2, 'Paid - Online', '2010-10-01 02:16:44'),
(293, 10262, 2, 'Signed Up - Paying Later', '2010-10-01 02:38:30'),
(294, 10263, 2, 'Signed Up - Paying Later', '2010-10-01 08:34:47'),
(295, 10264, 2, 'Signed Up - Paying Later', '2010-10-01 09:44:55');

-- --------------------------------------------------------

--
-- Table structure for table `scallyhatter`
--

CREATE TABLE IF NOT EXISTS `scallyhatter` (
  `id` int(11) NOT NULL AUTO_INCREMENT,
  `date` date NOT NULL,
  `active` tinyint(4) NOT NULL DEFAULT '0',
  `year` varchar(50) DEFAULT NULL,
  `max_players` varchar(50) DEFAULT NULL,
  `signup_fee_online` float DEFAULT NULL,
  `signup_fee_other` float DEFAULT NULL,
  `address` text,
  `city` varchar(50) DEFAULT NULL,
  `state` varchar(50) DEFAULT NULL,
  `zip` varchar(20) DEFAULT NULL,
  `longitude` float NOT NULL DEFAULT '0',
  `latitude` float NOT NULL DEFAULT '0',
  `desc` text,
  PRIMARY KEY (`id`)
) ENGINE=InnoDB  DEFAULT CHARSET=latin1 AUTO_INCREMENT=3 ;

--
-- Dumping data for table `scallyhatter`
--

INSERT INTO `scallyhatter` (`id`, `date`, `active`, `year`, `max_players`, `signup_fee_online`, `signup_fee_other`, `address`, `city`, `state`, `zip`, `longitude`, `latitude`, `desc`) VALUES
(1, '2009-11-30', 0, '2009', '150', 3, 0, 'Alumni Drive', 'Tampa', 'Florida', '33617', 0, 0, ''),
(2, '2010-11-06', 1, '2010', '150', 25, 30, 'Juniper-Poplar Hall', 'Tampa', 'FL', '33620', 0, 0, '<p>\n	<strong>Included in Hatter Fee:</strong></p>\n<ul>\n	<li>\n		Registration starts at 8:00 am.</li>\n	<li>\n		Games start at 9:00 am.</li>\n	<li>\n		Everyone will be provided with a &quot;team&quot; shirt.</li>\n	<li>\n		Water will be provided at the fields.</li>\n	<li>\n		Pizza during Finals Game</li>\n	<li>\n		Breakfast will be provided- Fruit, bagels, etc</li>\n</ul>\n<p>\n	<strong>Location</strong>: Magonlia Fields</p>\n<p>\n	Directly across from the Juniper-Poplar Hall (on Map)</p>\n<p>\n	On the corner of Magonlia Drive and Alumni Drive</p>\n<p>\n	<strong>Parking</strong>:</p>\n<p>\n	Small parking Lot on Magonlia Drive, next to the fields</p>\n<p>\n	Parking Garage on corn of Walnut Drive and Alumni Drive on Levels 3-8</p>\n');

-- --------------------------------------------------------

--
-- Table structure for table `user`
--

CREATE TABLE IF NOT EXISTS `user` (
  `id` int(11) NOT NULL AUTO_INCREMENT,
  `user` varchar(100) NOT NULL,
  `pass` varchar(32) NOT NULL,
  PRIMARY KEY (`id`)
) ENGINE=InnoDB  DEFAULT CHARSET=latin1 AUTO_INCREMENT=3 ;

--
-- Dumping data for table `user`
--

INSERT INTO `user` (`id`, `user`, `pass`) VALUES
(1, 'rreynier', '6dbd97851d347720fc13b91477ef1c84'),
(2, 'usfwenches@gmail.com', '2bf8d6a928853c530b1f90b205cc81ec');

--
-- Constraints for dumped tables
--

--
-- Constraints for table `player_scallyhatter`
--
ALTER TABLE `player_scallyhatter`
  ADD CONSTRAINT `player_scallyhatter_ibfk_1` FOREIGN KEY (`fk_player_id`) REFERENCES `player` (`id`) ON DELETE CASCADE ON UPDATE CASCADE,
  ADD CONSTRAINT `player_scallyhatter_ibfk_2` FOREIGN KEY (`fk_scallyhatter_id`) REFERENCES `scallyhatter` (`id`) ON DELETE CASCADE ON UPDATE CASCADE;
